cuFFT_FT_online_mychecksum, 1, 0,    0.037,    0.000,    0.001
cuFFT_FT_online_mychecksum, 1, 1,    0.016,    0.001,    0.004
cuFFT_FT_online_mychecksum, 1, 2,    0.016,    0.003,    0.008
cuFFT_FT_online_mychecksum, 1, 3,    0.016,    0.005,    0.016
cuFFT_FT_online_mychecksum, 1, 4,    0.018,    0.009,    0.028
cuFFT_FT_online_mychecksum, 1, 5,    0.020,    0.016,    0.052
cuFFT_FT_online_mychecksum, 1, 6,    0.020,    0.033,    0.105
cuFFT_FT_online_mychecksum, 1, 7,    0.020,    0.065,    0.207
cuFFT_FT_online_mychecksum, 1, 8,    0.020,    0.130,    0.417
cuFFT_FT_online_mychecksum, 1, 9,    0.020,    0.259,    0.829
cuFFT_FT_online_mychecksum, 1, 10,    0.020,    0.505,    1.616
cuFFT_FT_online_mychecksum, 1, 11,    0.021,    0.957,    3.062
cuFFT_FT_online_mychecksum, 1, 12,    0.022,    1.887,    6.038
cuFFT_FT_online_mychecksum, 1, 13,    0.024,    3.433,   10.987
cuFFT_FT_online_mychecksum, 1, 14,    0.025,    6.504,   20.813
cuFFT_FT_online_mychecksum, 1, 15,    0.030,   10.884,   34.830
cuFFT_FT_online_mychecksum, 1, 16,    0.042,   15.725,   50.319
cuFFT_FT_online_mychecksum, 1, 17,    0.061,   21.369,   68.381
cuFFT_FT_online_mychecksum, 1, 18,    0.103,   25.473,   81.512
cuFFT_FT_online_mychecksum, 1, 19,    0.184,   28.555,   91.378
cuFFT_FT_online_mychecksum, 1, 20,    0.158,   66.193,  211.816
cuFFT_FT_online_mychecksum, 1, 21,    0.318,   65.958,  211.066
cuFFT_FT_online_mychecksum, 1, 22,    0.615,   68.233,  218.344
cuFFT_FT_online_mychecksum, 1, 23,    1.205,   69.636,  222.836
cuFFT_FT_online_mychecksum, 1, 24,    2.389,   70.236,  224.756
cuFFT_FT_online_mychecksum, 1, 25,    4.760,   70.498,  225.592
cuFFT_FT_online_mychecksum, 1, 26,    9.500,   70.641,  226.052
cuFFT_FT_online_mychecksum, 1, 27,   18.978,   70.723,  226.314
cuFFT_FT_online_mychecksum, 2, 0,    0.016,    0.003,    0.004
cuFFT_FT_online_mychecksum, 2, 1,    0.016,    0.005,    0.008
cuFFT_FT_online_mychecksum, 2, 2,    0.016,    0.010,    0.016
cuFFT_FT_online_mychecksum, 2, 3,    0.016,    0.020,    0.033
cuFFT_FT_online_mychecksum, 2, 4,    0.018,    0.036,    0.057
cuFFT_FT_online_mychecksum, 2, 5,    0.020,    0.063,    0.102
cuFFT_FT_online_mychecksum, 2, 6,    0.020,    0.129,    0.206
cuFFT_FT_online_mychecksum, 2, 7,    0.020,    0.260,    0.417
cuFFT_FT_online_mychecksum, 2, 8,    0.020,    0.515,    0.825
cuFFT_FT_online_mychecksum, 2, 9,    0.020,    1.026,    1.641
cuFFT_FT_online_mychecksum, 2, 10,    0.020,    2.041,    3.265
cuFFT_FT_online_mychecksum, 2, 11,    0.021,    3.883,    6.214
cuFFT_FT_online_mychecksum, 2, 12,    0.021,    7.729,   12.367
cuFFT_FT_online_mychecksum, 2, 13,    0.023,   14.350,   22.960
cuFFT_FT_online_mychecksum, 2, 14,    0.025,   26.337,   42.140
cuFFT_FT_online_mychecksum, 2, 15,    0.030,   43.836,   70.137
cuFFT_FT_online_mychecksum, 2, 16,    0.040,   66.321,  106.114
cuFFT_FT_online_mychecksum, 2, 17,    0.059,   88.735,  141.976
cuFFT_FT_online_mychecksum, 2, 18,    0.098,  107.001,  171.202
cuFFT_FT_online_mychecksum, 2, 19,    0.190,  110.404,  176.647
cuFFT_FT_online_mychecksum, 2, 20,    0.199,  210.917,  337.467
cuFFT_FT_online_mychecksum, 2, 21,    0.382,  219.566,  351.305
cuFFT_FT_online_mychecksum, 2, 22,    0.745,  225.055,  360.088
cuFFT_FT_online_mychecksum, 2, 23,    1.475,  227.461,  363.937
cuFFT_FT_online_mychecksum, 2, 24,    2.933,  228.771,  366.033
cuFFT_FT_online_mychecksum, 2, 25,    5.850,  229.448,  367.116
cuFFT_FT_online_mychecksum, 2, 26,   11.682,  229.780,  367.647
cuFFT_FT_online_mychecksum, 3, 0,    0.016,    0.007,    0.008
cuFFT_FT_online_mychecksum, 3, 1,    0.016,    0.015,    0.016
cuFFT_FT_online_mychecksum, 3, 2,    0.016,    0.030,    0.032
cuFFT_FT_online_mychecksum, 3, 3,    0.016,    0.061,    0.065
cuFFT_FT_online_mychecksum, 3, 4,    0.018,    0.106,    0.113
cuFFT_FT_online_mychecksum, 3, 5,    0.020,    0.194,    0.207
cuFFT_FT_online_mychecksum, 3, 6,    0.020,    0.385,    0.410
cuFFT_FT_online_mychecksum, 3, 7,    0.020,    0.750,    0.800
cuFFT_FT_online_mychecksum, 3, 8,    0.020,    1.546,    1.649
cuFFT_FT_online_mychecksum, 3, 9,    0.020,    3.046,    3.249
cuFFT_FT_online_mychecksum, 3, 10,    0.020,    6.000,    6.400
cuFFT_FT_online_mychecksum, 3, 11,    0.021,   11.765,   12.549
cuFFT_FT_online_mychecksum, 3, 12,    0.021,   23.301,   24.854
cuFFT_FT_online_mychecksum, 3, 13,    0.022,   43.836,   46.758
cuFFT_FT_online_mychecksum, 3, 14,    0.024,   80.672,   86.050
cuFFT_FT_online_mychecksum, 3, 15,    0.030,  130.612,  139.320
cuFFT_FT_online_mychecksum, 3, 16,    0.040,  196.923,  210.051
cuFFT_FT_online_mychecksum, 3, 17,    0.061,  259.898,  277.225
cuFFT_FT_online_mychecksum, 3, 18,    0.110,  285.502,  304.535
cuFFT_FT_online_mychecksum, 3, 19,    0.210,  300.000,  320.000
cuFFT_FT_online_mychecksum, 3, 20,    0.252,  499.106,  532.380
cuFFT_FT_online_mychecksum, 3, 21,    0.484,  520.457,  555.155
cuFFT_FT_online_mychecksum, 3, 22,    0.949,  530.112,  565.453
cuFFT_FT_online_mychecksum, 3, 23,    1.876,  536.477,  572.242
cuFFT_FT_online_mychecksum, 3, 24,    3.734,  539.139,  575.082
cuFFT_FT_online_mychecksum, 3, 25,    7.451,  540.406,  576.434
cuFFT_FT_online_mychecksum, 4, 0,    0.016,    0.020,    0.016
cuFFT_FT_online_mychecksum, 4, 1,    0.016,    0.040,    0.032
cuFFT_FT_online_mychecksum, 4, 2,    0.016,    0.081,    0.065
cuFFT_FT_online_mychecksum, 4, 3,    0.016,    0.159,    0.127
cuFFT_FT_online_mychecksum, 4, 4,    0.019,    0.276,    0.221
cuFFT_FT_online_mychecksum, 4, 5,    0.020,    0.518,    0.415
cuFFT_FT_online_mychecksum, 4, 6,    0.020,    1.015,    0.812
cuFFT_FT_online_mychecksum, 4, 7,    0.020,    2.041,    1.633
cuFFT_FT_online_mychecksum, 4, 8,    0.020,    4.040,    3.232
cuFFT_FT_online_mychecksum, 4, 9,    0.020,    8.040,    6.432
cuFFT_FT_online_mychecksum, 4, 10,    0.021,   15.920,   12.736
cuFFT_FT_online_mychecksum, 4, 11,    0.021,   30.918,   24.734
cuFFT_FT_online_mychecksum, 4, 12,    0.021,   61.244,   48.995
cuFFT_FT_online_mychecksum, 4, 13,    0.023,  111.790,   89.432
cuFFT_FT_online_mychecksum, 4, 14,    0.026,  201.575,  161.260
cuFFT_FT_online_mychecksum, 4, 15,    0.033,  319.003,  255.202
cuFFT_FT_online_mychecksum, 4, 16,    0.045,  466.515,  373.212
cuFFT_FT_online_mychecksum, 4, 17,    0.079,  531.258,  425.007
cuFFT_FT_online_mychecksum, 4, 18,    0.145,  580.170,  464.136
cuFFT_FT_online_mychecksum, 4, 19,    0.278,  603.240,  482.592
cuFFT_FT_online_mychecksum, 4, 20,    0.390,  861.183,  688.946
cuFFT_FT_online_mychecksum, 4, 21,    0.762,  880.624,  704.499
cuFFT_FT_online_mychecksum, 4, 22,    1.505,  892.071,  713.657
cuFFT_FT_online_mychecksum, 4, 23,    2.988,  898.276,  718.621
cuFFT_FT_online_mychecksum, 4, 24,    5.959,  900.869,  720.695
cuFFT_FT_online_mychecksum, 5, 0,    0.018,    0.045,    0.029
cuFFT_FT_online_mychecksum, 5, 1,    0.018,    0.091,    0.058
cuFFT_FT_online_mychecksum, 5, 2,    0.018,    0.183,    0.117
cuFFT_FT_online_mychecksum, 5, 3,    0.017,    0.370,    0.237
cuFFT_FT_online_mychecksum, 5, 4,    0.020,    0.648,    0.415
cuFFT_FT_online_mychecksum, 5, 5,    0.021,    1.202,    0.769
cuFFT_FT_online_mychecksum, 5, 6,    0.022,    2.370,    1.517
cuFFT_FT_online_mychecksum, 5, 7,    0.022,    4.762,    3.048
cuFFT_FT_online_mychecksum, 5, 8,    0.022,    9.390,    6.009
cuFFT_FT_online_mychecksum, 5, 9,    0.022,   18.692,   11.963
cuFFT_FT_online_mychecksum, 5, 10,    0.022,   36.866,   23.594
cuFFT_FT_online_mychecksum, 5, 11,    0.023,   71.749,   45.919
cuFFT_FT_online_mychecksum, 5, 12,    0.024,  133.891,   85.690
cuFFT_FT_online_mychecksum, 5, 13,    0.029,  228.571,  146.286
cuFFT_FT_online_mychecksum, 5, 14,    0.033,  397.516,  254.410
cuFFT_FT_online_mychecksum, 5, 15,    0.045,  579.186,  370.679
cuFFT_FT_online_mychecksum, 5, 16,    0.074,  705.234,  451.350
cuFFT_FT_online_mychecksum, 5, 17,    0.130,  808.847,  517.662
cuFFT_FT_online_mychecksum, 5, 18,    0.243,  864.500,  553.280
cuFFT_FT_online_mychecksum, 5, 19,    0.453,  926.697,  593.086
cuFFT_FT_online_mychecksum, 5, 20,    0.679, 1235.969,  791.020
cuFFT_FT_online_mychecksum, 5, 21,    1.328, 1263.320,  808.525
cuFFT_FT_online_mychecksum, 5, 22,    2.627, 1277.405,  817.539
cuFFT_FT_online_mychecksum, 5, 23,    5.259, 1276.087,  816.696
cuFFT_FT_online_mychecksum, 6, 0,    0.017,    0.112,    0.060
cuFFT_FT_online_mychecksum, 6, 1,    0.025,    0.152,    0.081
cuFFT_FT_online_mychecksum, 6, 2,    0.024,    0.316,    0.169
cuFFT_FT_online_mychecksum, 6, 3,    0.024,    0.628,    0.335
cuFFT_FT_online_mychecksum, 6, 4,    0.028,    1.099,    0.586
cuFFT_FT_online_mychecksum, 6, 5,    0.028,    2.222,    1.185
cuFFT_FT_online_mychecksum, 6, 6,    0.028,    4.332,    2.310
cuFFT_FT_online_mychecksum, 6, 7,    0.029,    8.571,    4.571
cuFFT_FT_online_mychecksum, 6, 8,    0.022,   22.642,   12.075
cuFFT_FT_online_mychecksum, 6, 9,    0.022,   45.070,   24.038
cuFFT_FT_online_mychecksum, 6, 10,    0.023,   87.273,   46.545
cuFFT_FT_online_mychecksum, 6, 11,    0.023,  169.911,   90.619
cuFFT_FT_online_mychecksum, 6, 12,    0.025,  318.672,  169.959
cuFFT_FT_online_mychecksum, 6, 13,    0.028,  566.790,  302.288
cuFFT_FT_online_mychecksum, 6, 14,    0.035,  895.627,  477.668
cuFFT_FT_online_mychecksum, 6, 15,    0.065,  975.238,  520.127
cuFFT_FT_online_mychecksum, 6, 16,    0.113, 1111.031,  592.550
cuFFT_FT_online_mychecksum, 6, 17,    0.221, 1137.778,  606.815
cuFFT_FT_online_mychecksum, 6, 18,    0.413, 1219.350,  650.320
cuFFT_FT_online_mychecksum, 6, 19,    0.794, 1267.784,  676.152
cuFFT_FT_online_mychecksum, 6, 20,    1.376, 1462.857,  780.190
cuFFT_FT_online_mychecksum, 6, 21,    2.712, 1484.450,  791.707
cuFFT_FT_online_mychecksum, 6, 22,    5.397, 1492.111,  795.792
cuFFT_FT_online_mychecksum, 7, 0,    0.018,    0.251,    0.115
cuFFT_FT_online_mychecksum, 7, 1,    0.025,    0.356,    0.163
cuFFT_FT_online_mychecksum, 7, 2,    0.025,    0.714,    0.327
cuFFT_FT_online_mychecksum, 7, 3,    0.025,    1.440,    0.658
cuFFT_FT_online_mychecksum, 7, 4,    0.028,    2.555,    1.168
cuFFT_FT_online_mychecksum, 7, 5,    0.028,    5.054,    2.310
cuFFT_FT_online_mychecksum, 7, 6,    0.029,    9.859,    4.507
cuFFT_FT_online_mychecksum, 7, 7,    0.029,   19.444,    8.889
cuFFT_FT_online_mychecksum, 7, 8,    0.022,   51.613,   23.594
cuFFT_FT_online_mychecksum, 7, 9,    0.023,  101.357,   46.335
cuFFT_FT_online_mychecksum, 7, 10,    0.024,  193.103,   88.276
cuFFT_FT_online_mychecksum, 7, 11,    0.025,  359.839,  164.498
cuFFT_FT_online_mychecksum, 7, 12,    0.028,  656.410,  300.073
cuFFT_FT_online_mychecksum, 7, 13,    0.033, 1102.769,  504.123
cuFFT_FT_online_mychecksum, 7, 14,    0.054, 1365.333,  624.152
cuFFT_FT_online_mychecksum, 7, 15,    0.102, 1437.914,  657.332
cuFFT_FT_online_mychecksum, 7, 16,    0.203, 1445.890,  660.978
cuFFT_FT_online_mychecksum, 7, 17,    0.376, 1563.785,  714.873
cuFFT_FT_online_mychecksum, 7, 18,    0.718, 1636.063,  747.914
cuFFT_FT_online_mychecksum, 7, 19,    1.400, 1677.338,  766.783
cuFFT_FT_online_mychecksum, 7, 20,    2.339, 2008.019,  917.952
cuFFT_FT_online_mychecksum, 7, 21,    4.647, 2021.691,  924.202
cuFFT_FT_online_mychecksum, 8, 0,    0.025,    0.410,    0.164
cuFFT_FT_online_mychecksum, 8, 1,    0.027,    0.772,    0.309
cuFFT_FT_online_mychecksum, 8, 2,    0.025,    1.653,    0.661
cuFFT_FT_online_mychecksum, 8, 3,    0.026,    3.200,    1.280
cuFFT_FT_online_mychecksum, 8, 4,    0.028,    5.755,    2.302
cuFFT_FT_online_mychecksum, 8, 5,    0.029,   11.150,    4.460
cuFFT_FT_online_mychecksum, 8, 6,    0.030,   22.069,    8.828
cuFFT_FT_online_mychecksum, 8, 7,    0.023,   56.889,   22.756
cuFFT_FT_online_mychecksum, 8, 8,    0.024,  109.871,   43.948
cuFFT_FT_online_mychecksum, 8, 9,    0.027,  194.677,   77.871
cuFFT_FT_online_mychecksum, 8, 10,    0.027,  392.337,  156.935
cuFFT_FT_online_mychecksum, 8, 11,    0.030,  701.370,  280.548
cuFFT_FT_online_mychecksum, 8, 12,    0.035, 1204.706,  481.882
cuFFT_FT_online_mychecksum, 8, 13,    0.055, 1531.215,  612.486
cuFFT_FT_online_mychecksum, 8, 14,    0.104, 1607.851,  643.140
cuFFT_FT_online_mychecksum, 8, 15,    0.200, 1681.272,  672.509
cuFFT_FT_online_mychecksum, 8, 16,    0.375, 1789.135,  715.654
cuFFT_FT_online_mychecksum, 8, 17,    0.710, 1889.462,  755.785
cuFFT_FT_online_mychecksum, 8, 18,    1.389, 1933.215,  773.286
cuFFT_FT_online_mychecksum, 8, 19,    2.743, 1957.321,  782.928
cuFFT_FT_online_mychecksum, 8, 20,    4.624, 2322.119,  928.848
cuFFT_FT_online_mychecksum, 9, 0,    0.025,    0.918,    0.327
cuFFT_FT_online_mychecksum, 9, 1,    0.025,    1.815,    0.645
cuFFT_FT_online_mychecksum, 9, 2,    0.026,    3.502,    1.245
cuFFT_FT_online_mychecksum, 9, 3,    0.027,    6.950,    2.471
cuFFT_FT_online_mychecksum, 9, 4,    0.029,   12.544,    4.460
cuFFT_FT_online_mychecksum, 9, 5,    0.030,   24.742,    8.797
cuFFT_FT_online_mychecksum, 9, 6,    0.030,   49.147,   17.474
cuFFT_FT_online_mychecksum, 9, 7,    0.026,  112.941,   40.157
cuFFT_FT_online_mychecksum, 9, 8,    0.024,  246.154,   87.521
cuFFT_FT_online_mychecksum, 9, 9,    0.026,  457.143,  162.540
cuFFT_FT_online_mychecksum, 9, 10,    0.029,  819.929,  291.530
cuFFT_FT_online_mychecksum, 9, 11,    0.070,  677.647,  240.941
cuFFT_FT_online_mychecksum, 9, 12,    0.050, 1873.171,  666.016
cuFFT_FT_online_mychecksum, 9, 13,    0.094, 2007.843,  713.900
cuFFT_FT_online_mychecksum, 9, 14,    0.196, 1927.026,  685.165
cuFFT_FT_online_mychecksum, 9, 15,    0.373, 2022.716,  719.188
cuFFT_FT_online_mychecksum, 9, 16,    0.714, 2115.581,  752.207
cuFFT_FT_online_mychecksum, 9, 17,    1.394, 2166.718,  770.389
cuFFT_FT_online_mychecksum, 9, 18,    2.752, 2194.694,  780.336
cuFFT_FT_online_mychecksum, 9, 19,    5.460, 2212.476,  786.658
cuFFT_FT_online_mychecksum, 10, 0,    0.025,    2.008,    0.643
cuFFT_FT_online_mychecksum, 10, 1,    0.026,    3.906,    1.250
cuFFT_FT_online_mychecksum, 10, 2,    0.027,    7.692,    2.462
cuFFT_FT_online_mychecksum, 10, 3,    0.027,   15.385,    4.923
cuFFT_FT_online_mychecksum, 10, 4,    0.031,   26.667,    8.533
cuFFT_FT_online_mychecksum, 10, 5,    0.031,   53.333,   17.067
cuFFT_FT_online_mychecksum, 10, 6,    0.032,  103.226,   33.032
cuFFT_FT_online_mychecksum, 10, 7,    0.025,  263.375,   84.280
cuFFT_FT_online_mychecksum, 10, 8,    0.036,  368.876,  118.040
cuFFT_FT_online_mychecksum, 10, 9,    0.029,  891.986,  285.436
cuFFT_FT_online_mychecksum, 10, 10,    0.034, 1556.231,  497.994
cuFFT_FT_online_mychecksum, 10, 11,    0.052, 2015.748,  645.039
cuFFT_FT_online_mychecksum, 10, 12,    0.097, 2167.196,  693.503
cuFFT_FT_online_mychecksum, 10, 13,    0.194, 2162.619,  692.038
cuFFT_FT_online_mychecksum, 10, 14,    0.374, 2241.927,  717.417
cuFFT_FT_online_mychecksum, 10, 15,    0.713, 2353.685,  753.179
cuFFT_FT_online_mychecksum, 10, 16,    1.393, 2409.235,  770.955
cuFFT_FT_online_mychecksum, 10, 17,    2.750, 2440.456,  780.946
cuFFT_FT_online_mychecksum, 10, 18,    5.464, 2456.280,  786.010
cuFFT_FT_online_mychecksum, 11, 0,    0.027,    4.167,    1.212
cuFFT_FT_online_mychecksum, 11, 1,    0.028,    8.088,    2.353
cuFFT_FT_online_mychecksum, 11, 2,    0.029,   15.771,    4.588
cuFFT_FT_online_mychecksum, 11, 3,    0.029,   31.095,    9.046
cuFFT_FT_online_mychecksum, 11, 4,    0.032,   56.051,   16.306
cuFFT_FT_online_mychecksum, 11, 5,    0.033,  107.645,   31.315
cuFFT_FT_online_mychecksum, 11, 6,    0.034,  209.524,   60.952
cuFFT_FT_online_mychecksum, 11, 7,    0.034,  419.048,  121.905
cuFFT_FT_online_mychecksum, 11, 8,    0.039,  743.008,  216.148
cuFFT_FT_online_mychecksum, 11, 9,    0.037, 1543.014,  448.877
cuFFT_FT_online_mychecksum, 11, 10,    0.054, 2149.618,  625.344
cuFFT_FT_online_mychecksum, 11, 11,    0.099, 2320.083,  674.933
cuFFT_FT_online_mychecksum, 11, 12,    0.196, 2357.719,  685.882
cuFFT_FT_online_mychecksum, 11, 13,    0.382, 2417.816,  703.365
cuFFT_FT_online_mychecksum, 11, 14,    0.722, 2555.644,  743.460
cuFFT_FT_online_mychecksum, 11, 15,    1.402, 2633.314,  766.055
cuFFT_FT_online_mychecksum, 11, 16,    2.760, 2674.344,  777.991
cuFFT_FT_online_mychecksum, 11, 17,    5.464, 2702.161,  786.083
cuFFT_FT_online_mychecksum, 12, 0,    0.029,    8.481,    2.261
cuFFT_FT_online_mychecksum, 12, 1,    0.030,   16.609,    4.429
cuFFT_FT_online_mychecksum, 12, 2,    0.030,   32.653,    8.707
cuFFT_FT_online_mychecksum, 12, 3,    0.030,   65.085,   17.356
cuFFT_FT_online_mychecksum, 12, 4,    0.035,  113.609,   30.296
cuFFT_FT_online_mychecksum, 12, 5,    0.035,  225.220,   60.059
cuFFT_FT_online_mychecksum, 12, 6,    0.037,  420.822,  112.219
cuFFT_FT_online_mychecksum, 12, 7,    0.036,  867.797,  231.412
cuFFT_FT_online_mychecksum, 12, 8,    0.041, 1524.566,  406.551
cuFFT_FT_online_mychecksum, 12, 9,    0.059, 2144.503,  571.867
cuFFT_FT_online_mychecksum, 12, 10,    0.104, 2414.146,  643.772
cuFFT_FT_online_mychecksum, 12, 11,    0.207, 2427.260,  647.269
cuFFT_FT_online_mychecksum, 12, 12,    0.380, 2648.276,  706.207
cuFFT_FT_online_mychecksum, 12, 13,    0.738, 2727.258,  727.269
cuFFT_FT_online_mychecksum, 12, 14,    1.415, 2845.885,  758.903
cuFFT_FT_online_mychecksum, 12, 15,    2.782, 2895.020,  772.005
cuFFT_FT_online_mychecksum, 12, 16,    5.505, 2925.932,  780.248
cuFFT_FT_online_mychecksum, 13, 0,    0.033,   16.149,    3.975
cuFFT_FT_online_mychecksum, 13, 1,    0.034,   31.045,    7.642
cuFFT_FT_online_mychecksum, 13, 2,    0.034,   62.275,   15.329
cuFFT_FT_online_mychecksum, 13, 3,    0.035,  122.714,   30.206
cuFFT_FT_online_mychecksum, 13, 4,    0.038,  223.656,   55.054
cuFFT_FT_online_mychecksum, 13, 5,    0.041,  417.043,  102.657
cuFFT_FT_online_mychecksum, 13, 6,    0.042,  813.692,  200.293
cuFFT_FT_online_mychecksum, 13, 7,    0.051, 1347.368,  331.660
cuFFT_FT_online_mychecksum, 13, 8,    0.066, 2060.681,  507.245
cuFFT_FT_online_mychecksum, 13, 9,    0.108, 2530.798,  622.966
cuFFT_FT_online_mychecksum, 13, 10,    0.209, 2611.476,  642.825
cuFFT_FT_online_mychecksum, 13, 11,    0.387, 2820.339,  694.237
cuFFT_FT_online_mychecksum, 13, 12,    0.731, 2982.246,  734.091
cuFFT_FT_online_mychecksum, 13, 13,    1.412, 3089.303,  760.444
cuFFT_FT_online_mychecksum, 13, 14,    2.794, 3122.249,  768.553
cuFFT_FT_online_mychecksum, 13, 15,    5.522, 3159.533,  777.731
cuFFT_FT_online_mychecksum, 14, 0,    0.044,   25.986,    5.940
cuFFT_FT_online_mychecksum, 14, 1,    0.047,   48.696,   11.130
cuFFT_FT_online_mychecksum, 14, 2,    0.047,   97.603,   22.309
cuFFT_FT_online_mychecksum, 14, 3,    0.048,  190.638,   43.574
cuFFT_FT_online_mychecksum, 14, 4,    0.052,  351.373,   80.314
cuFFT_FT_online_mychecksum, 14, 5,    0.054,  683.969,  156.336
cuFFT_FT_online_mychecksum, 14, 6,    0.057, 1284.588,  293.620
cuFFT_FT_online_mychecksum, 14, 7,    0.087, 1696.568,  387.787
cuFFT_FT_online_mychecksum, 14, 8,    0.148, 1984.222,  453.536
cuFFT_FT_online_mychecksum, 14, 9,    0.254, 2308.534,  527.665
cuFFT_FT_online_mychecksum, 14, 10,    0.433, 2713.225,  620.166
cuFFT_FT_online_mychecksum, 14, 11,    0.796, 2949.415,  674.152
cuFFT_FT_online_mychecksum, 14, 12,    1.503, 3124.588,  714.192
cuFFT_FT_online_mychecksum, 14, 13,    2.930, 3206.038,  732.809
cuFFT_FT_online_mychecksum, 14, 14,    5.797, 3241.376,  740.886
cuFFT_FT_online_mychecksum, 15, 0,    0.035,   71.006,   15.148
cuFFT_FT_online_mychecksum, 15, 1,    0.035,  139.130,   29.681
cuFFT_FT_online_mychecksum, 15, 2,    0.036,  274.286,   58.514
cuFFT_FT_online_mychecksum, 15, 3,    0.041,  482.412,  102.915
cuFFT_FT_online_mychecksum, 15, 4,    0.053,  737.044,  157.236
cuFFT_FT_online_mychecksum, 15, 5,    0.070, 1122.807,  239.532
cuFFT_FT_online_mychecksum, 15, 6,    0.094, 1675.027,  357.339
cuFFT_FT_online_mychecksum, 15, 7,    0.170, 1855.072,  395.749
cuFFT_FT_online_mychecksum, 15, 8,    0.292, 2152.014,  459.096
cuFFT_FT_online_mychecksum, 15, 9,    0.531, 2370.370,  505.679
cuFFT_FT_online_mychecksum, 15, 10,    0.963, 2612.245,  557.279
cuFFT_FT_online_mychecksum, 15, 11,    1.852, 2717.532,  579.740
cuFFT_FT_online_mychecksum, 15, 12,    3.625, 2777.185,  592.466
cuFFT_FT_online_mychecksum, 15, 13,    7.139, 2819.966,  601.593
cuFFT_FT_online_mychecksum, 16, 0,    0.050,  105.785,   21.157
cuFFT_FT_online_mychecksum, 16, 1,    0.037,  286.034,   57.207
cuFFT_FT_online_mychecksum, 16, 2,    0.040,  518.481,  103.696
cuFFT_FT_online_mychecksum, 16, 3,    0.046,  916.331,  183.266
cuFFT_FT_online_mychecksum, 16, 4,    0.067, 1243.095,  248.619
cuFFT_FT_online_mychecksum, 16, 5,    0.096, 1748.559,  349.712
cuFFT_FT_online_mychecksum, 16, 6,    0.182, 1846.084,  369.217
cuFFT_FT_online_mychecksum, 16, 7,    0.335, 2001.099,  400.220
cuFFT_FT_online_mychecksum, 16, 8,    0.624, 2151.543,  430.309
cuFFT_FT_online_mychecksum, 16, 9,    1.194, 2249.005,  449.801
cuFFT_FT_online_mychecksum, 16, 10,    2.337, 2297.393,  459.479
cuFFT_FT_online_mychecksum, 16, 11,    4.620, 2324.023,  464.805
cuFFT_FT_online_mychecksum, 16, 12,    9.220, 2329.263,  465.853
cuFFT_FT_online_mychecksum, 17, 0,    0.041,  268.642,   50.568
cuFFT_FT_online_mychecksum, 17, 1,    0.043,  518.095,   97.524
cuFFT_FT_online_mychecksum, 17, 2,    0.050,  891.803,  167.869
cuFFT_FT_online_mychecksum, 17, 3,    0.068, 1316.793,  247.867
cuFFT_FT_online_mychecksum, 17, 4,    0.106, 1685.189,  317.212
cuFFT_FT_online_mychecksum, 17, 5,    0.188, 1897.330,  357.144
cuFFT_FT_online_mychecksum, 17, 6,    0.345, 2068.687,  389.400
cuFFT_FT_online_mychecksum, 17, 7,    0.638, 2234.660,  420.642
cuFFT_FT_online_mychecksum, 17, 8,    1.206, 2365.418,  445.255
cuFFT_FT_online_mychecksum, 17, 9,    2.345, 2432.134,  457.813
cuFFT_FT_online_mychecksum, 17, 10,    4.506, 2531.958,  476.604
cuFFT_FT_online_mychecksum, 17, 11,    8.924, 2556.886,  481.296
cuFFT_FT_online_mychecksum, 18, 0,    0.055,  427.458,   75.993
cuFFT_FT_online_mychecksum, 18, 1,    0.062,  757.895,  134.737
cuFFT_FT_online_mychecksum, 18, 2,    0.078, 1204.706,  214.170
cuFFT_FT_online_mychecksum, 18, 3,    0.119, 1591.710,  282.971
cuFFT_FT_online_mychecksum, 18, 4,    0.203, 1859.939,  330.656
cuFFT_FT_online_mychecksum, 18, 5,    0.352, 2142.633,  380.913
cuFFT_FT_online_mychecksum, 18, 6,    0.640, 2359.674,  419.498
cuFFT_FT_online_mychecksum, 18, 7,    1.205, 2505.199,  445.369
cuFFT_FT_online_mychecksum, 18, 8,    2.325, 2597.885,  461.846
cuFFT_FT_online_mychecksum, 18, 9,    4.444, 2718.146,  483.226
cuFFT_FT_online_mychecksum, 18, 10,    8.861, 2726.501,  484.711
cuFFT_FT_online_mychecksum, 19, 0,    0.080,  625.997,  105.431
cuFFT_FT_online_mychecksum, 19, 1,    0.099, 1004.959,  169.256
cuFFT_FT_online_mychecksum, 19, 2,    0.135, 1473.939,  248.242
cuFFT_FT_online_mychecksum, 19, 3,    0.206, 1933.996,  325.726
cuFFT_FT_online_mychecksum, 19, 4,    0.366, 2178.724,  366.943
cuFFT_FT_online_mychecksum, 19, 5,    0.655, 2433.140,  409.792
cuFFT_FT_online_mychecksum, 19, 6,    1.222, 2608.261,  439.286
cuFFT_FT_online_mychecksum, 19, 7,    2.359, 2703.044,  455.249
cuFFT_FT_online_mychecksum, 19, 8,    4.491, 2839.256,  478.190
cuFFT_FT_online_mychecksum, 19, 9,    8.905, 2863.578,  482.287
cuFFT_FT_online_mychecksum, 20, 0,    0.145,  721.127,  115.380
cuFFT_FT_online_mychecksum, 20, 1,    0.175, 1200.469,  192.075
cuFFT_FT_online_mychecksum, 20, 2,    0.235, 1786.306,  285.809
cuFFT_FT_online_mychecksum, 20, 3,    0.365, 2297.896,  367.663
cuFFT_FT_online_mychecksum, 20, 4,    0.689, 2434.111,  389.458
cuFFT_FT_online_mychecksum, 20, 5,    1.250, 2684.801,  429.568
cuFFT_FT_online_mychecksum, 20, 6,    2.388, 2810.653,  449.705
cuFFT_FT_online_mychecksum, 20, 7,    4.554, 2947.558,  471.609
cuFFT_FT_online_mychecksum, 20, 8,    8.953, 2998.158,  479.705
cuFFT_FT_online_mychecksum, 21, 0,    0.222,  990.968,  151.005
cuFFT_FT_online_mychecksum, 21, 1,    0.284, 1549.280,  236.081
cuFFT_FT_online_mychecksum, 21, 2,    0.403, 2188.146,  333.432
cuFFT_FT_online_mychecksum, 21, 3,    0.656, 2683.806,  408.961
cuFFT_FT_online_mychecksum, 21, 4,    1.309, 2691.996,  410.209
cuFFT_FT_online_mychecksum, 21, 5,    2.437, 2891.416,  440.597
cuFFT_FT_online_mychecksum, 21, 6,    4.622, 3049.064,  464.619
cuFFT_FT_online_mychecksum, 21, 7,    9.121, 3090.245,  470.894
cuFFT_FT_online_mychecksum, 22, 0,    0.402, 1148.509,  167.056
cuFFT_FT_online_mychecksum, 22, 1,    0.511, 1806.214,  262.722
cuFFT_FT_online_mychecksum, 22, 2,    0.789, 2339.964,  340.358
cuFFT_FT_online_mychecksum, 22, 3,    1.336, 2762.265,  401.784
cuFFT_FT_online_mychecksum, 22, 4,    2.648, 2787.257,  405.419
cuFFT_FT_online_mychecksum, 22, 5,    5.017, 2942.673,  428.025
cuFFT_FT_online_mychecksum, 22, 6,    9.904, 2981.435,  433.663
cuFFT_FT_online_mychecksum, 23, 0,    0.782, 1234.220,  171.718
cuFFT_FT_online_mychecksum, 23, 1,    1.040, 1854.671,  258.041
cuFFT_FT_online_mychecksum, 23, 2,    1.650, 2338.538,  325.362
cuFFT_FT_online_mychecksum, 23, 3,    2.802, 2754.418,  383.223
cuFFT_FT_online_mychecksum, 23, 4,    5.637, 2738.157,  380.961
cuFFT_FT_online_mychecksum, 23, 5,   10.972, 2813.465,  391.439
cuFFT_FT_online_mychecksum, 24, 0,    1.528, 1317.925,  175.723
cuFFT_FT_online_mychecksum, 24, 1,    2.021, 1992.480,  265.664
cuFFT_FT_online_mychecksum, 24, 2,    3.223, 2498.275,  333.103
cuFFT_FT_online_mychecksum, 24, 3,    5.616, 2867.992,  382.399
cuFFT_FT_online_mychecksum, 24, 4,   11.498, 2801.557,  373.541
cuFFT_FT_online_mychecksum, 25, 0,    3.275, 1280.520,  163.907
cuFFT_FT_online_mychecksum, 25, 1,    4.567, 1836.648,  235.091
cuFFT_FT_online_mychecksum, 25, 2,    7.607, 2205.500,  282.304
cuFFT_FT_online_mychecksum, 25, 3,   13.620, 2463.667,  315.349
